"","id","school","age","gender","group","gpa","grit1","grit2","grit3","grit4","swb1","swb2","swb3","swb4"
"1",1,"Jefferson High School",19.8836936906975,2,1,79.7601290329418,2.53434740049166,3.1281453970901,3.45095017091905,2.07889461919409,5.29704136187745,5.32781384321606,4.89549550229917,4.90673874403936
"2",2,"Jefferson High School",16.9450343313411,2,2,80.1401638941593,3.58519089720695,3.45495656522662,3.62009461694285,3.41161711890038,6.43448776511813,6.77077284988383,7.12878694656163,6.70087512521702
"3",3,"Jefferson High School",13.1607881256104,1,3,86.9617142391631,4.72937266835057,4.5692983040213,4.59890779856565,5.90011054206896,4.97720199704606,4.72729235030887,4.74734756004396,5.10740248538759
"4",4,"Jefferson High School",18.0977585389983,2,1,84.5294246448329,2.28423282017327,1.98243895479367,2.79162320730855,2.15225862976271,5.30782413083126,4.93950001050957,5.75479846945704,5.12364221942931
"5",5,"Alta High School",17.7099651404287,2,2,83.0708798447642,3.58787386051942,3.67114665128652,3.22001248789294,3.40460217068675,5.63275419452454,5.968372777264,6.38705251059852,6.31841103794156
"6",6,"Alta High School",17.1678856584655,2,3,85.5529153412483,5.28222086297788,4.2749652673932,4.36027650336803,4.59017315608005,5.12976185433375,5.1400921577032,5.08457060779531,5.02670353059644
"7",7,"Jefferson High School",15.9840527562484,1,1,79.9868773338554,3.0605727683512,3.07136403303946,2.54769151322536,3.03727364607041,4.99922591122156,5.03679695719546,5.37785795156954,5.66800408859008
"8",8,"Alta High School",16.6181028579542,1,2,87.8431744863751,4.14047424681235,3.17200588810885,4.12371110922924,3.01822383860856,7.35439333412843,8.11135437668245,7.07785379247377,6.82390451653052
"9",9,"Alta High School",17.3137743055116,1,3,86.159120566233,4.2711772980783,4.98505297962006,3.81877610566232,4.82135007213199,5.67286613991301,5.27562934248159,5.14379735897685,4.95885272833549
"10",10,"Alta High School",13.698107261005,1,1,83.7895302833399,2.99737529523279,3.40329949538362,3.97209321291474,3.08262550339557,4.848381371925,5.11522903976154,5.50796645547274,5.27783810462112
"11",11,"Summerfield High School",14.9824269591336,1,2,87.4151560585574,3.43800693703286,3.44112528935677,2.9602021657479,3.43960805193297,6.5872652248588,6.52621580667735,6.46717126244649,6.086079531831
"12",12,"Alta High School",14.4887578204834,2,3,88.8309947110622,4.02400791386473,3.62283427021511,4.07938189455879,4.20272382245445,6.33533013070367,6.05354982875301,5.45471115060705,5.79516464660754
"13",13,"Summerfield High School",14.9005939600991,1,1,80.2348343897894,2.73565522473126,3.54077989292572,3.57866514349525,4.03794528429507,5.35817983964012,5.00248303647839,5.21876782337191,4.99137931293258
"14",14,"Summerfield High School",15.9028191251583,1,2,82.8799951213818,3.39538409205877,3.7925792388117,3.3672776764126,3.79305768197281,6.69525835543978,6.53242900428539,6.47489720354734,6.29364315039154
"15",15,"Alta High School",17.2601990187053,2,3,86.0231600953163,4.43989073102882,5.22350730465033,4.89274263401872,5.21625387051104,4.51713907453103,5.08246478057519,5.28412073784779,5.00434366448931
"16",16,"Summerfield High School",16.9939346305104,2,1,85.1831513519382,3.37932893482128,3.14312314356374,4.27915059734909,3.75608638350602,5.52712260876142,4.8294631442469,4.54487556822356,4.19212403979661
"17",17,"Jefferson High School",18.4289219699722,2,2,82.5513393042668,3.24115626524332,3.58611681067621,3.90107233666364,3.59669625170388,6.64708596979857,7.38335102634503,6.45582492099727,6.96952439565826
"18",18,"Alta High School",18.1379498216663,2,3,92.1499501519474,4.00907450181484,3.35622341441953,4.50354484230444,3.88637319539653,5.53550278735593,6.22717660436676,5.9237872117705,5.62574476855876
"19",19,"Summerfield High School",17.6575223103938,2,1,79.8151623938561,3.37063643925429,3.32484005080201,3.83027390686459,3.27548868932662,4.8681794796512,4.80469122037765,4.5147753713696,4.70471821561182
"20",20,"Summerfield High School",17.5228112671175,2,2,81.0586482481029,5.32183192944443,4.31609708171991,4.71503807085216,5.21118633573373,6.14378008367907,5.81627539527092,5.88971507619379,6.08157770658933
"21",21,"Jefferson High School",15.1775369627824,1,3,87.9293964771513,4.21469525880898,4.44937953122105,4.38786740552406,4.48041496897304,6.18584887376636,6.27287968589499,6.69430873209601,5.99554897318813
"22",22,"Jefferson High School",16.9114429194835,2,1,81.5725659439732,3.17538967626035,3.89212792814318,3.98545740045446,3.32102325634663,5.00537046829274,4.40953922892091,5.70293835544486,4.8034004223154
"23",23,"Summerfield High School",16.3090181852874,1,2,81.4866454262574,3.07427573330058,4.74128720549682,3.61778937435898,3.51047740701339,5.0482375740202,6.10120914782576,6.53153807717148,6.30667294938296
"24",24,"Alta High School",15.8303968465648,1,3,82.755809570209,5.04876464104639,5.4773286566761,5.15147918200779,4.48034097023625,5.88417815588846,5.52313957497342,5.38727776894831,4.46020262249456
"25",25,"Alta High School",13.635681939035,2,1,81.5901992637663,2.90665316031951,3.41763775529048,4.08972491703274,3.42278974693732,5.48675228509722,4.85230691957686,5.3037300868776,4.40737318687534
"26",26,"Alta High School",16.4832831686821,1,2,80.8502699027879,3.31480876407311,3.39942554727138,3.19492360207863,3.4010114420632,7.31369313464215,7.49320566796474,7.92600617366067,7.63396585968264
"27",27,"Jefferson High School",16.8777798376309,1,3,90.7478328664284,4.74296787136087,4.28412270244135,4.89712541731432,4.56980819342303,5.84469744768325,4.60446783069637,5.08099949127566,5.41610355592323
"28",28,"Alta High School",14.2955816565708,1,1,78.6419436351821,3.02984309620046,2.84807726470876,2.96864928322776,3.34235215076824,5.20609041004347,5.11210667066142,5.75741502611224,5.31742064698621
"29",29,"Jefferson High School",17.9466521484932,1,2,86.3794481870275,3.80902857117984,3.43003664232581,4.86160073214137,3.96491088002966,6.6247158686951,6.97304083958189,6.76868668615604,6.78856231905918
"30",30,"Jefferson High School",17.9653125022262,1,3,85.5528709478627,3.7522192232967,4.17235869752707,4.25328465499189,3.69460371042887,4.12309078965321,5.31440178176065,5.42815877495106,5.65406115246667
"31",31,"Alta High School",17.2702139605804,2,1,82.3774102352202,3.96457308575162,4.10627857637492,3.50181014865194,4.22538912138828,5.87166179042668,5.68476672609661,6.12701607294574,5.74589368699647
"32",32,"Alta High School",10.846962058869,1,2,85.6961081732082,3.61550847638755,3.61698033010986,3.68453499926817,3.93381233064732,7.09817462939163,7.18257791705497,6.46274904918381,6.76909946394329
"33",33,"Summerfield High School",14.2781050244172,1,3,85.9437729296244,4.80701182091199,3.7266624847895,4.31945133995344,4.3782251071684,5.32670494058505,4.7968329172453,4.99983378765777,4.2310815852448
"34",34,"Jefferson High School",17.5101601965375,2,1,83.1633156570354,3.43493519460206,3.03287076393839,3.20403812603104,2.82439066277922,5.32355723919839,5.43621491675275,5.04773755470786,5.89958753612548
"35",35,"Jefferson High School",14.1147403804117,2,2,82.736078986448,3.31658636059555,3.42781564167058,3.86812381303688,2.7879171686735,6.25578253866442,6.32696707510773,5.92986651108962,6.05995577269867
"36",36,"Jefferson High School",16.5975090291542,1,3,84.0943612117774,3.62822353406559,4.22101931425288,3.75256416251069,4.35842544017292,4.68955070373462,5.14188201217151,4.67551395606628,4.91581774568023
"37",37,"Alta High School",15.6575064459753,1,1,80.6897611670003,2.00684053597835,2.67935775359083,3.02216149618248,2.70128314964741,4.32167670348695,4.77995491021275,5.69058560365863,5.75209054309268
"38",38,"Jefferson High School",18.5272858560341,1,2,87.8593696326048,2.69358801595513,3.01692141962893,3.3050529027309,3.29126521150715,6.29069649318435,6.14136780801335,6.45090785401386,6.92660257476983
"39",39,"Jefferson High School",14.7808084457814,1,3,86.8576064789101,4.39173310246308,4.12267116866095,4.18053276767524,5.02803905467786,5.4081328045915,5.89218743353909,6.17560420356808,5.76438269056873
"40",40,"Alta High School",14.9426740360161,1,1,79.0466526112251,3.14495223580948,3.29764033335513,3.1167289965464,3.80472783076266,5.44589106352879,6.12570584321954,5.28106747547402,5.24686558937361
"41",41,"Jefferson High School",16.2895404416025,2,2,82.8379312277552,4.33705136973502,4.28947396531127,4.07801789628251,3.64723978214272,6.63002172279426,6.33136447466381,7.05103953648254,6.23692097231638
"42",42,"Summerfield High School",18.9460643461801,2,3,88.4904248295736,4.52313600213383,3.81292570357852,4.18953094189286,4.43202400029126,5.12326832908145,5.55254069273625,5.2955758033246,4.8766801000352
"43",43,"Alta High School",15.4759970385728,2,1,84.3659738439722,3.04982230210504,3.80577009751897,3.07220167702634,2.83074116133501,5.02622614696374,5.17989196053953,5.42996516245934,5.50541926771336
"44",44,"Alta High School",16.7019310084669,2,2,86.4318796333773,3.62795975856704,4.05358089747997,3.28204682009736,2.6499454373409,6.10556802619167,6.08789920060053,5.36782693580246,6.5192300991913
"45",45,"Alta High School",13.6644139859002,1,3,87.8015671951252,3.78875391371278,4.01184237499047,3.46742277442012,4.32127365022906,6.32924617739558,5.22152452636377,5.52773180603547,6.35224059644378
"46",46,"Jefferson High School",17.17254260139,2,1,84.9937257369722,3.48612080573427,3.87781804153,3.1105006496784,3.05169025328253,4.33694257239365,5.11462471663575,4.02645982233211,4.66372092136731
"47",47,"Summerfield High School",15.7073997558592,1,2,80.7072201566026,3.23854530963234,4.15780944299405,3.01385923149941,2.65335745500288,6.54695491575176,6.4380427295279,6.11825218094619,6.506818643246
"48",48,"Alta High School",16.5293938969875,2,3,80.4664597859291,3.88899574706205,3.72770218923721,4.19954001845475,3.86654072094171,4.90718245643059,4.58047805739053,5.40894168790584,6.22284930508808
"49",49,"Alta High School",14.393906993735,1,1,80.0849497234114,3.62572050439093,3.77649018458351,3.68347092949818,3.41677436201243,4.11647755407222,4.80153052002526,5.35819384129627,3.360877191329
"50",50,"Summerfield High School",18.7446233364307,2,2,81.4524335314778,3.18871910337249,3.94224587339408,3.71275802487144,3.81701777849926,6.69933205205055,6.73202549597137,6.52234949867256,6.14989659542688
"51",51,"Jefferson High School",14.9981242588164,1,3,80.5518915454923,3.28686146097216,3.79204864453131,3.60903025185066,3.41784173389406,5.50746918675523,5.40187055450621,5.92580587783791,4.89189166083039
"52",52,"Summerfield High School",15.8967773619173,1,1,83.1874152709086,3.06005439690226,3.23719079478886,2.70405359754863,3.15328728288008,4.45912838492807,3.88334125575842,4.62886199196888,4.52876799062299
"53",53,"Jefferson High School",15.0797912053001,2,2,80.6486745817329,3.70964822789097,3.01481658109023,3.47944878846628,3.31349586753132,5.92348038403532,6.56788205897473,6.37579002058687,6.48464926457707
"54",54,"Summerfield High School",17.8597586146457,1,3,86.8218380413155,4.35722913554016,4.13960036419175,4.72807886181567,4.14023657238053,5.29473675135123,6.09308227878493,5.3071757210647,5.02877871435979
"55",55,"Jefferson High School",13.2005301048127,2,1,76.7386910370379,3.11110163460895,3.13720529906316,3.19207382149999,4.07778001700325,5.57210498360524,5.20830164377118,4.4083312350744,4.92712382726512
"56",56,"Summerfield High School",16.266622806754,1,2,84.642572605605,4.1200708211284,3.87041132628991,3.99392052058021,3.54730476163781,6.06122840716762,7.13938282507051,6.68322560519137,6.4129174727117
"57",57,"Summerfield High School",18.2411330646987,1,3,93.1736810520664,5.2892354770928,5.98411937837377,5.3041937713916,5.72368884700758,6.53502740289462,5.82513921821583,6.29302636941879,5.72752934785176
"58",58,"Alta High School",12.5638990211758,2,1,78.8657686693279,2.60119631863519,2.70999231186048,3.13117043917049,3.90948360184345,4.9278190560034,4.56476037952058,4.97804555452664,5.16508564614841
"59",59,"Alta High School",16.031903577168,1,2,82.6623232668656,3.82428315876457,3.92049176435185,3.56572085567289,3.83453961434143,6.10357676825685,6.34178598750202,7.02258991377251,6.81400886468887
"60",60,"Alta High School",15.9512955979671,2,3,93.346139194928,4.14606630879834,3.81021999451176,4.02079380594761,4.25592147904266,5.60288848783927,6.228129868305,6.2434832430558,5.33789996463125
"61",61,"Alta High School",18.6488838592682,2,1,84.3014489966232,3.4638708616987,4.24533087906883,3.08774743351578,3.93051934369565,4.59013452464923,5.77509549913667,3.40486288350293,4.16041669942409
"62",62,"Summerfield High School",17.8572295314118,2,2,88.7391782650911,4.98920789574732,5.3893270321557,5.05547126182334,4.14824905406507,7.61328565524961,6.01462389794178,6.27232395242061,6.70027423133714
"63",63,"Summerfield High School",12.8610788340496,2,3,87.4842978262042,5.37633060764111,4.68862247901375,4.77825426465277,5.17732688197319,5.77992655269263,4.8961194149811,5.66990505259313,5.34232656833558
"64",64,"Jefferson High School",17.1676072921427,1,1,81.0432198532351,3.94518972629055,3.13476869629403,2.62130375923337,3.42888031672187,4.68658305365877,4.53773105023582,4.12216146044108,4.20921572285666
"65",65,"Summerfield High School",15.8396473215552,2,2,81.4711050284626,3.69190781111944,4.11220215611734,3.55117501215359,3.34837830884145,4.71111728147106,5.990498426266,5.96373462164938,6.31647483569361
"66",66,"Summerfield High School",15.7922991256481,1,3,91.8037211102783,5.79752283618165,5.15361135273952,5.73023926974167,5.21135919827974,5.04344468857867,4.97473008009872,5.17523227868993,5.40500049606373
"67",67,"Summerfield High School",14.1493749862047,1,1,77.642484403001,3.03359634385519,3.12490802153365,3.12413397402876,3.33039664773311,4.42264638430021,5.18605807742884,4.70699664884801,4.05450475395652
"68",68,"Alta High School",13.2427309835118,2,2,83.9219426457651,4.13647095008963,4.45348409198335,4.08270873893477,4.38512889155833,6.20237908496467,6.55001181383423,5.76794237633899,6.02186839570102
"69",69,"Jefferson High School",17.0262570195114,2,3,87.3610444001679,4.80474893419551,4.58097276840763,4.29223779184133,5.1100375383857,6.49154262525957,6.50657979909731,5.6949194081965,5.7990453938223
"70",70,"Alta High School",13.1443477904634,1,1,88.2555254003806,3.1781274409465,3.35912051904117,3.70266824614238,3.87238248978449,4.1891282734586,3.3694025989219,4.89667072643189,4.76125524199396
"71",71,"Summerfield High School",15.0876150529234,1,2,81.1758988141709,3.42240885515668,3.27329259878887,3.58276065665689,3.74599976049781,7.18828427241158,7.45504200540622,6.55945060762515,7.01529310483391
"72",72,"Alta High School",16.5274077549068,2,3,82.9721354904469,4.8514829182164,3.9572756426318,4.22870713956229,3.60922529345407,5.93306715661385,5.56162155163847,5.44812319967249,5.50610726889394
"73",73,"Jefferson High School",15.6786933763892,2,1,82.1978953085257,3.53119177628817,2.48840282580576,3.18318606688205,2.94790336316861,4.26123674260845,4.8359382048409,4.78678606177177,4.60327621143116
"74",74,"Summerfield High School",17.3146303120559,1,2,82.8810539118467,4.1743215296414,3.71847266762201,3.14999556886779,4.42108313924051,6.16323052176981,6.10947221356149,6.31851489259774,6.56188061004121
"75",75,"Summerfield High School",16.016866728598,2,3,84.982624797484,5.4985431310133,5.6990145045185,5.34656218166857,5.12639408729593,5.31574043152443,5.76508658632501,5.09621267641504,5.05447615659418
"76",76,"Alta High School",20.0444462615917,2,1,81.8968732647325,3.56403212136624,3.68362995798654,2.76220734399846,3.75252008599014,5.08093380203873,5.00366163278674,5.51894550892699,5.66792169633003
"77",77,"Alta High School",13.8071573117214,2,2,82.1734257598822,2.68475984491947,3.548381371925,2.89089194332945,3.19666414912704,6.55304045430639,6.41394107945011,5.77552424348499,6.15810931622637
"78",78,"Summerfield High School",19.0357207010019,2,3,85.4637240761959,4.82643258409096,4.27968473651085,3.87623771952407,3.9481958076041,6.35376544672812,6.06917240806014,5.57186439531652,5.93324509661625
"79",79,"Summerfield High School",12.4313757481308,2,1,83.0025077953275,3.84197290849743,4.29232542804475,3.2506049115034,3.45132632280039,5.28136924542842,4.69927688190137,5.46703153756394,5.30022370985905
"80",80,"Summerfield High School",13.3511544594471,1,2,82.0050130639796,2.90955996587679,3.74275946450648,3.00551118354142,2.98729937134725,5.66202990487384,5.65654080480681,5.62077824510847,6.13957400564125
"81",81,"Summerfield High School",13.6983217298721,2,3,81.9950592476824,4.54687917122638,4.15964928873249,4.47671933353066,4.22312541333776,5.53426865997203,5.10230852478395,5.51541549746698,5.60268784625825
"82",82,"Jefferson High School",11.2468560089048,1,1,73.544776254882,3.15130497441693,3.4484946189663,3.17249502901879,3.17439922547161,4.17744173147402,4.4555536285652,4.17708246659235,4.33549379107067
"83",83,"Summerfield High School",18.3189476794136,2,2,81.2582534837468,3.53908892271377,3.03697481451049,3.10963153823262,3.3555810621308,6.37185947408655,7.09265484167531,6.66113901945964,6.41990604338081
"84",84,"Summerfield High School",18.9609315395767,2,3,91.8625606126136,3.72328362348413,4.14449385068729,3.96240422609054,3.9591058724666,5.95184194260553,4.81606674117279,5.69992937440071,5.51902366399227
"85",85,"Jefferson High School",18.4933093019685,1,1,84.0143881398941,3.48617725677871,3.59560062369621,3.67601309771541,3.91625665078348,4.4145734541362,4.88464243783393,4.43682866479884,3.68776494173464
"86",86,"Summerfield High School",14.9510423273325,1,2,86.6451607413384,3.94055677418595,3.23826074616787,4.35416793876014,3.6799688920915,5.8173008596004,6.02679486776094,6.49748970744415,5.49597415415653
"87",87,"Alta High School",16.8776203048351,1,3,90.4475163281984,4.82152565703808,4.33110223393797,4.71659356122123,4.99161570483943,6.06194482024065,6.43527693801504,5.88572643402987,5.55361909289303
"88",88,"Summerfield High School",17.7656216348323,2,1,82.4472920720553,4.20039009621184,3.21760875451625,3.66193912058416,3.71130379627152,4.41453755958523,4.8027449963015,4.14898025127096,3.74001560863981
"89",89,"Summerfield High School",17.0761207267192,1,2,78.478812116851,3.47912106094727,3.40447717201499,3.7545608948144,3.25004255897115,6.87385104652171,6.13597375652709,7.30370652055498,7.1813816623036
"90",90,"Summerfield High School",17.480291376269,1,3,88.1167093614988,3.84267087167456,4.07821576373118,3.87272871688796,3.53961520126376,4.14656490352513,5.2010654961953,5.19735399060191,5.86804690911947
"91",91,"Summerfield High School",16.4195967836315,1,1,86.2916842710314,2.68055161348714,3.21386816906171,3.83075166942668,3.61569144050333,5.04529616299431,4.74829020698007,5.0769727278144,4.90223248157546
"92",92,"Alta High School",11.8479001822918,1,2,72.8118093962769,3.84754284638642,3.57090672228321,4.27750435473367,4.22605291164692,7.30632004874886,6.6247490959509,6.64988208249163,6.63150491470871
"93",93,"Summerfield High School",16.5553744878535,2,3,85.1559431470938,5.73204350798724,5.062497406146,5.22143966058612,5.33486081438552,6.09913756940448,5.72078323778326,6.76623881241093,5.45685468446704
"94",94,"Jefferson High School",15.5377093814271,2,1,84.8073939222557,3.32998243146628,3.9175263667013,4.60758268894731,3.92170543180353,5.64507508043935,5.94646571067462,5.56159538254351,5.64266328288585
"95",95,"Alta High School",14.562560764186,2,2,84.5862350583359,3.98516057307327,3.53926503122052,3.20088801522098,3.65973631074848,6.11502598687122,5.96831719046791,6.50254924648389,6.11126248379883
"96",96,"Alta High School",19.7468710082348,1,3,89.8681832105446,4.8745893475358,4.58344112305598,4.33568627277096,5.29137915021775,5.27555060171496,5.88820876103418,5.27415839973079,5.18781444269689
"97",97,"Summerfield High School",14.2213605434945,1,1,82.8712985175682,3.19554117602532,3.45811203496239,4.1284668014662,2.63217843408676,5.7881109429346,6.29259140937142,5.99813097651041,5.78654543674342
"98",98,"Summerfield High School",16.344897909667,1,2,84.6164993469744,3.53013780736913,3.93981814599065,3.97737988739761,4.01857045191149,7.02359826218613,6.19392560889343,5.74828142436785,6.57727477410775
"99",99,"Jefferson High School",17.3099789979248,1,3,87.5439293672333,4.84438518782286,4.80742814126566,5.14339396649301,3.72649711972183,5.70156860965882,5.86165117946283,6.16514811706738,5.81862927228946
"100",100,"Alta High School",17.0968916630666,2,1,78.7505325928907,3.94639145718577,4.4974732878753,4.35622531275832,4.39265836830838,5.83502476122,5.15550840236586,4.87271607308293,4.86039154774929
"101",101,"Summerfield High School",15.8244230704488,2,2,79.319554727697,3.45623629863384,3.31074918175477,3.84612096798754,4.59019370594325,6.64215681302587,6.99285568902813,6.24092230923717,6.59330292622846
"102",102,"Alta High School",20.2063260848234,2,3,87.6084586043907,4.53655059562662,4.16812887248623,4.62421765117547,4.58773156202802,5.91707631779146,5.86138481924092,7.11329523106588,6.09314854148152
"103",103,"Jefferson High School",16.1113014680095,1,1,80.2358206592858,3.52904513116746,3.50457898763084,3.29911464526563,3.15560702000313,4.46210945844262,5.28198846661668,4.52197839766575,5.18339769639075
"104",104,"Alta High School",14.2711637902529,1,2,80.3019067746113,4.0616470829251,3.9621204710896,3.44350760801304,3.2832801466584,5.57588148873915,6.00001403238331,5.91439261409227,6.06995630536942
"105",105,"Alta High School",16.6656686390562,1,3,88.7523239524597,3.92799666324665,4.42121461319693,4.45526839348907,4.59995500566377,6.35566077609039,5.53491480869038,5.22554004174718,5.42483022313682
"106",106,"Jefferson High School",16.8047901269109,1,1,81.960334210592,2.91562775626079,3.61876497348881,3.39652645859717,3.72920041130964,4.67359060595115,4.2287208656873,4.7957480087442,4.23981686773582
"107",107,"Summerfield High School",11.9253894598052,1,2,87.3898491355797,3.700296627079,2.60975026459653,3.2847433718333,3.52468686063921,6.02335139776979,7.19082052886989,6.27706272664458,6.42866628651726
"108",108,"Jefferson High School",15.6047210657416,1,3,84.1354925080234,4.63260699744883,4.43241661255895,4.15289354225837,4.73100932634899,5.01699068387578,5.42928021657221,5.02479092205265,4.84377993558113
"109",109,"Summerfield High School",15.2697826035711,2,1,79.9466357508349,3.60413356102464,3.90176303145018,3.73891602413677,3.61841366830126,4.4932067012896,5.85290178267667,5.25634845886498,4.92672525349211
"110",110,"Jefferson High School",15.1243570161164,2,2,82.7751587349844,3.59848185736654,3.78366017834252,3.0718173999292,3.96608140616187,6.13318013116402,6.51555385844749,6.4288627481044,5.81927080030056
"111",111,"Summerfield High School",15.771464956017,2,3,83.2766297556828,4.22551305578792,4.02341968348852,4.27694498121165,4.79936807703227,7.01906260859952,6.67354356229906,5.57020473610106,6.63093104641858
"112",112,"Summerfield High School",11.3425410545049,1,1,80.6458823956686,3.65487960415906,3.48734015700962,2.89839995411018,3.66617630675158,5.87164752894343,5.8449175794452,5.42729206462027,5.9182116568194
"113",113,"Jefferson High School",16.0079805045377,2,2,80.8754864653599,3.30072986121883,3.22898500277809,3.85093234604782,3.558982458099,5.17086502615608,6.14986504388457,5.72551950526278,6.55599868179994
"114",114,"Jefferson High School",15.3543047791075,2,3,81.0570829965875,4.66266987675171,5.2002316019901,5.0268410172091,4.84852580852884,5.62198378285394,5.5115200585108,5.73582951618709,5.21272521369206
"115",115,"Jefferson High School",14.3135261125382,1,1,80.6484885181659,3.77806263862495,3.35129955708095,3.21135797619641,3.37849961971705,5.60040739945476,4.14734021059027,4.71099550474302,4.89317556037632
"116",116,"Alta High School",9.72257290869948,2,2,81.3977835080717,3.81739273444068,3.867948594158,4.18539558211318,4.12146188233979,5.74792454977689,6.24439951865298,6.08921981500877,6.29196305289998
"117",117,"Summerfield High School",15.9587063631315,2,3,90.8990305824626,3.47137939486894,3.69511828417338,3.92520385599319,4.38590533869519,4.32384906523182,4.12230681364325,4.84415980620256,4.72160427570301
"118",118,"Jefferson High School",15.3842284171832,1,1,79.687793231457,3.07734213874088,4.3862814615946,4.16708034506539,3.01203093163573,5.85131278818289,4.29831550647402,5.03077919673156,4.53345055169493
"119",119,"Summerfield High School",15.7308329618248,1,2,84.6725347867774,3.81846288749756,3.82975368327425,4.0984205552705,3.51953067560301,5.38343080817211,6.44792625745248,6.18757077511771,6.57056326430253
"120",120,"Jefferson High School",15.1372243991916,2,3,87.9278878797653,4.15008552601706,4.80639535570233,4.50116442245085,4.73084465441411,5.85896757369256,6.17241063236043,6.39455205061641,6.22119220402452
"121",121,"Summerfield High School",15.5123991772058,1,1,77.789419355464,4.08505811918419,2.638279647294,3.72589333717739,3.42921059575481,4.58010066260878,4.16229174402995,3.10591344362961,4.36993748075373
"122",122,"Summerfield High School",13.988277645093,1,2,84.1224319175096,3.29988563641566,2.99149520948075,3.12464978284623,3.40950276060057,7.21595707446902,6.31040112605412,5.84325314920796,6.99657588356086
"123",123,"Summerfield High School",17.620584886235,2,3,87.1817416296006,5.14785688222715,4.99137435687121,4.8243722676006,5.05374112987028,6.7260821025108,6.31463977086964,6.24662590549484,6.01066531854206
"124",124,"Jefferson High School",17.1205373684975,2,1,81.9981859595271,3.91344889995793,4.03591126957038,3.88654037189315,3.86222187521206,5.5184856225222,5.07061388700894,5.23895646622904,4.77796602425879
"125",125,"Jefferson High School",17.8125964677578,2,2,84.9741045450272,5.06327136283243,4.9867867722177,3.70478002825975,4.34315544951553,6.76864396489387,6.74179603721655,6.85304103378954,6.37043833543591
"126",126,"Jefferson High School",17.9134351571953,2,3,87.8418887599142,4.04989048858739,4.65261055234268,3.91636576699854,4.78617214583424,5.63287629609733,4.58934244034834,5.72726416601777,5.26189874399696
"127",127,"Jefferson High School",15.403384015979,2,1,86.2554774920936,2.97790957025827,3.42575125833572,3.7596831231729,3.87348833411395,4.60015969255381,4.90530012048001,5.1389306997594,5.10678573725116
"128",128,"Jefferson High School",15.6304072964836,1,2,83.34666032133,2.91667034586791,2.15783979740991,2.98333180498337,2.62196329904857,6.41888796981626,6.07055105605445,6.35859342869215,6.10902883233898
"129",129,"Summerfield High School",18.2032716413892,2,3,83.7380028821495,4.08222127989271,4.09445176318249,4.77690675236485,4.53213459030277,5.55254877068771,5.15497368589102,6.06447968236074,5.07090157125856
"130",130,"Alta High School",16.9451167000035,1,1,83.7255943379022,3.11753304164423,3.2800386786736,3.20159520920856,3.22905758852244,5.28370990030265,4.72635328148995,4.48247994042205,5.03751720047594
"131",131,"Summerfield High School",15.785663724435,1,2,79.3312951550004,4.18452958935305,3.61743744885285,3.88109009080591,4.31896919275099,7.75555214020889,7.60820324617554,7.31054096322978,6.97019808926154
"132",132,"Alta High School",17.9820145998919,1,3,81.7433176047137,3.91078166922214,4.30875862455375,4.51493450788775,4.79718272144802,6.04773188075105,6.04729933241842,6.75931975387857,6.17903487101399
"133",133,"Summerfield High School",13.8186781445296,2,1,79.0701908302376,2.91900038500169,2.85981357967812,3.06935064907633,2.70588811128698,6.08197931531606,5.41968887230978,5.32328231495486,5.18549811504308
"134",134,"Summerfield High School",15.3562019746766,2,2,80.7659683136442,4.34184296037028,3.45657880220113,3.77998979583432,4.09249224074588,6.30980341089051,6.45344849848113,5.82665497386542,6.18110215188096
"135",135,"Summerfield High School",18.5959190755782,1,3,85.6774822319204,3.1583157470278,3.50310467997647,4.29925986418575,3.94109224042594,5.51238019253845,5.10481486588016,5.25553747562479,5.07171719032033
"136",136,"Alta High School",15.6155210331815,2,1,86.3202786981948,3.3750692006517,3.65971254318214,3.47333702687584,3.10661280143796,5.08100307573544,5.01505154985331,5.19717252720586,4.68363711577108
"137",137,"Jefferson High School",16.60760068894,1,2,87.9067983388509,3.10180651916568,3.53972504232324,3.69466374648781,4.19719016091651,7.02179289416911,7.22047367087833,7.01635262578074,7.91221700139594
"138",138,"Summerfield High School",16.3060540899373,1,3,89.6782732900955,4.2558888048244,3.62777980211336,3.6697399450925,3.71202741936275,5.52541343700381,5.25407363905298,5.51239195814777,5.2018032406144
"139",139,"Summerfield High School",17.3037815733001,2,1,77.6784952248696,3.42954215577557,4.18979923205817,4.13068065693025,3.64081073801855,5.54816839428535,4.9620364913873,4.92558797025457,4.65758537251439
"140",140,"Alta High School",15.9080008038326,2,2,83.0694396663,3.44111110363479,3.39605697610544,3.47785871849689,3.62891870598124,7.01511536678789,6.78343943807372,7.04949986219033,7.07863544110032
"141",141,"Alta High School",16.6260571558905,1,3,88.9613637014794,3.19419251784878,4.22127584280592,4.59435835523804,3.918531151079,5.48702487928588,5.98077961149239,5.69471570727145,5.17868989565611
"142",142,"Summerfield High School",14.0032570416311,2,1,81.0889174901908,4.4204010946024,3.72172330040914,4.21259829898224,4.22303120279466,5.50143814832323,4.97155638529062,5.15917483224101,5.34916712800554
"143",143,"Jefferson High School",14.8751723436482,2,2,83.515236447368,3.79211731319654,3.29244522293986,4.01184177901202,4.48503548773911,6.87587520147814,7.84323891173202,7.41433392855083,7.47817883544607
"144",144,"Alta High School",12.7618477314833,2,3,84.6656182553,4.3169386022015,4.87136863303998,5.0262899128605,5.08496683775832,4.84204184456315,5.53271647552718,5.07852627600681,4.83563837222399
"145",145,"Summerfield High School",15.6645806415451,2,1,77.6371390819814,3.86146315180316,3.69832482586257,4.02219495339788,4.42246426161667,4.84406388449543,4.15110288429675,4.48522619650863,4.99467532807792
"146",146,"Summerfield High School",17.9208581791649,2,2,87.2232972162531,4.32948376142784,3.22579608984387,4.2382806911631,3.72350308886211,6.26677598947444,6.07644017416284,6.39220288172652,6.79238366790938
"147",147,"Jefferson High School",13.7477187218782,2,3,88.3021180671595,5.7392513301191,5.22070541825225,5.13592162440347,5.08420820372744,6.68849712229879,5.87450000902511,6.40698486982245,6.71562618023065
"148",148,"Alta High School",16.0302045687604,1,1,80.274807073562,4.03509796588765,3.7771854454633,3.1454109008862,3.28192346950833,4.73290482777199,4.44379134337936,5.03710826463552,5.51027880444487
"149",149,"Summerfield High School",16.4226303498162,2,2,83.9758136597508,2.92383148263119,4.20586420607568,3.82144438763367,3.59485551040507,6.85189394055223,6.8032444795238,6.58237736743553,6.17603307472024
"150",150,"Jefferson High School",17.56414801687,1,3,93.6874429193581,4.35707607911436,3.99212716509849,5.39137835335632,4.57678304567048,5.64347554671076,5.08090006855543,5.7734963741031,5.72562988436742
"151",151,"Jefferson High School",15.7115627535591,2,1,82.5880008669918,2.78817858784774,4.30269367025135,3.69828268139287,2.73483858613178,5.41400081864603,5.37834678233948,5.1963429935904,5.1200522120501
"152",152,"Summerfield High School",19.4819221497506,1,2,87.2342139341117,3.79702745910575,3.98671227228679,3.32600014280445,3.47930532993342,6.14067571515753,6.47512623443909,6.60014113648106,6.78230122809159
"153",153,"Summerfield High School",17.535055923789,2,3,91.6026329437263,5.36712006824582,5.73377619435324,5.39442157302026,5.65802462656452,6.52237076739594,5.84800978503426,6.38391446287658,6.26479968668089
"154",154,"Summerfield High School",18.0128692396711,2,1,80.2784715586354,3.19743430399173,2.78840792700209,3.38495599300189,3.17525450961667,4.8955640664464,5.40649670618863,5.43442855585933,5.38692396913851
"155",155,"Summerfield High School",16.8544504090143,2,2,85.2876251926576,2.70428661501349,3.3897772663724,4.12359812689826,3.45056946553602,6.36253724431858,6.27228646147867,6.6420823088947,5.91497272426971
"156",156,"Jefferson High School",16.9638520764637,2,3,85.5463975309048,5.0217313165937,5.18282163102305,5.55391404332559,4.97389993024117,5.87413208674038,5.2208304055475,6.01118969992433,5.8406975703823
"157",157,"Alta High School",13.7029409069263,2,1,77.0790326615951,3.66187450223513,3.24188333924375,4.08029421373726,3.35022112353399,4.61184732594506,4.52112015588525,4.90191378292062,4.2560122168358
"158",158,"Alta High School",20.4389326075006,1,2,79.3950026107847,3.35923183893033,3.50847471620996,2.78055092162957,3.36973440008011,5.67916220509426,6.4882073443066,6.19864225759938,5.22662946624168
"159",159,"Jefferson High School",16.0981209744529,1,3,87.0538385656097,4.51980047051883,4.23918292845691,3.92755665298596,4.00985230661971,5.04205821937304,5.70539382667926,4.89550583081199,5.49480997510924
"160",160,"Jefferson High School",15.2074658128663,1,1,86.8911872856569,3.52601943127596,3.3773025329392,3.68761851706535,3.36416842996345,5.48320596502346,4.21584305343811,5.17527479079908,3.91384185239306
"161",161,"Summerfield High School",16.4328202615155,2,2,83.3144261535667,2.93013338742443,3.00051575192865,2.75261502628303,3.95493750877528,7.14585055678789,7.28087582810533,6.48880065215281,6.76660806605953
"162",162,"Summerfield High School",16.7431612868864,2,3,85.0914860799456,4.84314723959373,4.81995615842176,4.61979895258915,4.4590032595205,5.07555171532943,5.66509548273218,5.4698234783066,5.2794111754475
"163",163,"Alta High School",16.9464165309643,1,1,82.191124892491,3.96469502306339,3.05367062251073,3.43138267321237,3.54064642004767,5.11392805878889,4.84038791245751,5.48275227996047,4.87152085312887
"164",164,"Jefferson High School",14.1201626196447,2,2,85.0939255796543,3.43138761351601,3.66778429524648,3.89443137915593,2.75057615764398,7.11093341087904,7.16576931482424,7.05371868185865,7.16970644601254
"165",165,"Jefferson High School",15.446805654298,1,3,83.6143948041624,3.86609989506941,4.80131695305001,4.66403417627268,4.46585103884568,4.4102562933494,5.39153868762647,5.60330719760651,5.5275594752784
"166",166,"Jefferson High School",18.0733177435113,2,1,78.335959346067,3.50637427969894,3.87851136649763,3.38565743846378,4.02956567020864,5.89897489178208,5.95169930647077,5.88822044985094,5.42783105768481
"167",167,"Alta High School",13.8294354553822,1,2,77.1751775309748,4.36130356618757,4.86931164615982,4.61565908090175,4.51003551054613,6.9663034647833,6.20389324365358,6.46473688904202,6.97523518145634
"168",168,"Alta High School",15.0240447024509,1,3,83.6913182209888,4.37260666074692,4.52652187649216,4.41385324632965,4.96609477622981,5.52245801631459,5.49518374033342,5.19579877996301,5.30090244726598
"169",169,"Alta High School",16.2359237912862,1,1,78.8376835675517,2.74397835130394,3.53549865124664,3.71078531211056,2.83671031111574,5.30992628489397,5.28095875243847,5.22751279345494,5.17796943748372
"170",170,"Jefferson High School",14.3021354944465,2,2,82.1242527118904,4.94237559117944,4.42160511785128,4.84912733597162,4.46880909516363,7.1068846906719,6.69606027033131,7.98831821867765,6.8880288221002
"171",171,"Summerfield High School",19.1415025565142,1,3,91.7302821589191,4.98274141198667,5.3346986190987,5.34540383050601,5.47123012824642,6.31634018913075,6.62743598227191,7.31202733002907,6.48914293766263
"172",172,"Jefferson High School",16.6354671611778,1,1,84.1659242907918,3.37482140977879,3.76138652471204,3.2748835560762,3.97110241638191,4.75500896707122,4.62184153606316,3.94933605391485,4.44715484580309
"173",173,"Summerfield High School",15.925634311818,1,2,83.8189229590708,4.38065546611673,3.45257501010969,3.82868858553947,3.1970380255588,5.79034684084209,6.71038744440347,7.00635877506254,5.80887593279009
"174",174,"Jefferson High School",12.8815394133569,2,3,85.8000756019214,4.10953353226332,3.90347882124611,3.6246309086311,4.47081982634122,5.62905053839813,5.98413280344379,6.29851074159577,5.5981189144074
"175",175,"Summerfield High School",14.7071546775612,1,1,81.3793791876903,4.50689208181319,4.01884360672492,4.55616428127035,4.05518623306204,4.84260590347145,4.60044215686611,4.58742173317078,5.07702525252994
"176",176,"Jefferson High School",19.8979201749756,2,2,84.6428367359032,2.56245664269039,2.74113961140202,4.15004765402969,3.293639736927,6.9681108196171,7.0846593692078,6.47285637858998,6.42651079688757
"177",177,"Jefferson High School",15.4958398463843,1,3,85.9879000351834,4.12907226061173,4.32239068493416,4.37094482022763,3.24441465033144,5.09781475182288,5.32409499933215,5.01084896416685,5.16916016636092
"178",178,"Jefferson High School",17.1689684347134,1,1,84.6772103886764,5.07446801088814,4.65846111493553,5.33237927858631,4.89855409638642,4.25025899418152,4.81367057839624,5.11559048246131,4.95360834191517
"179",179,"Summerfield High School",14.274233753612,1,2,86.2923606993074,3.24521531812994,3.04042751862374,3.76678972003438,4.06893129684143,6.14289814510783,6.57716934414316,6.65840153232649,6.81594887357403
"180",180,"Jefferson High School",12.6229626799141,1,3,84.0004861111232,4.7216775596871,4.58480806748405,3.860295074286,4.28344529671713,5.91060054270033,5.74803568881649,5.20812730638932,5.69489345908452
"181",181,"Alta High School",16.4934592706652,2,1,79.2592660697418,2.36952638658577,2.91283552078651,2.39350844470622,2.2518445787665,5.54071478472709,5.29392291185598,6.16199728969349,5.71097185893385
"182",182,"Jefferson High School",19.0252870693405,1,2,86.6202162000178,3.41880093433864,3.81952532494385,4.0036646148067,3.49131877719549,6.19302850842625,6.29154885839474,5.51447518901718,6.37739863274111
"183",183,"Summerfield High School",12.4885405879113,2,3,82.4383403583699,4.90743758497523,4.7855970144513,4.48193539064004,5.31655553534293,4.78654354452234,5.02370144482426,5.81469491795306,4.73284640151798
"184",184,"Jefferson High School",17.2710136009517,2,1,82.759129684719,3.39805240856213,3.72709906255303,3.55139092154074,3.46846899050005,5.36248184516769,5.29031580972719,4.76872297608552,4.64627288763706
"185",185,"Summerfield High School",16.3867201951592,2,2,83.7004962849164,4.30422216122232,3.72914140778495,3.68275884062511,4.55941609291307,6.48561214734025,6.2393893234185,6.76463373424342,6.97693869600421
"186",186,"Jefferson High School",16.9440287236363,1,3,97.0877035935722,5.68753686991746,4.88880427599928,5.0510812699864,5.4201833024765,4.9723849964571,5.36547492810415,5.51254434345451,5.49209418711562
"187",187,"Jefferson High School",17.6923984546508,1,1,73.3109589763191,4.05701637315014,4.04091627227701,4.32390790249711,3.94641466767741,4.92228401893653,5.20581562601252,5.17036404776863,5.27006308982767
"188",188,"Summerfield High School",13.2729757388963,1,2,80.4776125957279,4.08890127282438,3.72316921719073,4.21233733728648,3.9421243342958,6.05496022983054,4.7915108584128,5.05435442437149,5.11481668001639
"189",189,"Jefferson High School",16.3413572997306,1,3,89.5220860059514,4.65763963388512,4.63120033709487,4.96508247475695,4.27721241161375,5.16755063361316,5.1558110101762,5.22876120840921,5.13677670650319
"190",190,"Alta High School",17.4642232125342,2,1,86.5229795290142,3.90188431868423,3.72818278383336,3.51597389976771,2.85462223391569,6.11212902334204,5.31262957164296,5.43217307738997,4.18206537998041
"191",191,"Alta High School",13.8497685883024,2,2,85.5190612515215,3.39571116719888,3.79202269579042,3.6399531477512,3.72842489706939,6.9783236496147,6.56805990498999,6.64180824690457,6.37160845281485
"192",192,"Alta High School",17.8519261516158,1,3,83.2148946933344,3.79267085929368,2.58011285163062,3.24544836265777,3.68252756066085,5.41251588672304,6.07590028951299,5.8321946327884,5.1493022326745
"193",193,"Alta High School",16.1590602615063,1,1,88.2181645075035,3.16019013641411,3.1887537203944,3.29178583965121,2.97287705672513,4.35111507848881,4.49299560902683,4.96288348343768,5.04738884978976
"194",194,"Alta High School",17.3015041914502,1,2,77.7282013276947,3.65371796859246,3.91725521152082,3.49486248091155,3.59185432240978,6.40445211992293,6.12233754044186,5.84606043883817,6.95622729673669
"195",195,"Jefferson High School",15.7515853371405,2,3,84.160951736286,5.52951754120942,5.03452666424131,5.75044332505264,6.0915007163831,4.58777267667693,6.06788050289502,6.09893593237636,5.66861973568157
"196",196,"Alta High School",13.937286306865,1,1,81.37057882816,3.49104432203737,3.25964049997398,3.34838573314712,3.44559774261068,4.20183895382095,4.78570818210914,5.43892889668589,4.74225146778507
"197",197,"Jefferson High School",13.9405640185233,2,2,89.6767607267198,4.57416602662618,3.92806437707032,3.99249556392561,4.1382724998659,6.58702661288658,6.65300992691224,6.79320478787637,7.67177997253365
"198",198,"Alta High School",13.7808222847139,2,3,89.0189497620147,4.28425897927869,4.07585064671108,3.6670005424203,4.07866465733475,5.5401222519846,5.2388629482138,5.0279180712683,5.00454519439695
"199",199,"Alta High School",15.4344041630619,1,1,83.6911881543073,3.47709726081748,3.70194993001539,3.95303153501352,3.03088062716846,4.17996769646991,3.68160094895874,4.54434197390984,4.78675963612649
"200",200,"Jefferson High School",12.4054228868245,1,2,88.1842327842105,2.97035322419529,3.36020985845105,3.1020665856275,2.63385507375346,6.5666611044652,6.16535257546994,6.2191737155849,5.61926097574781
"201",201,"Summerfield High School",13.6191620138087,2,3,90.4543399049437,4.59436004616164,4.20533126967744,4.6650748698095,5.2400512262424,5.00741447694615,5.21650697262788,5.50401901925332,4.55534365561792
"202",202,"Jefferson High School",18.7689698908416,2,1,77.8257863721072,3.2309617861307,3.40769959037702,3.89904413535805,3.81089508986754,4.94363850021166,3.95116012792277,4.26931205027572,3.60430218678254
"203",203,"Jefferson High School",15.5846515368581,2,2,85.1291786541975,4.42170803478253,4.20793696253087,3.51788520346802,3.6730776357304,6.42637984494856,7.19845395092308,6.49567024118516,6.64551086979357
"204",204,"Jefferson High School",18.923543689807,2,3,87.1723400222658,5.06012225540458,5.05620978404824,4.11186962010103,5.07631272922684,5.95473433254775,6.31170886286887,5.55326709958516,6.41010550406459
"205",205,"Summerfield High School",19.4538266787968,1,1,86.847823686165,3.22265686526176,2.75309101454863,2.95565275924258,3.05638355724414,5.18040862922804,5.08436924448341,5.23422553890148,4.74743177738996
"206",206,"Jefferson High School",15.7606104154924,1,2,82.2696659611911,4.07689912873245,4.16882341590568,3.97016132520381,3.5615024633727,7.26254828801495,7.47810109946861,7.61853602009474,7.16791406394793
"207",207,"Jefferson High School",15.6250343927407,2,3,82.9186789332362,5.16210357719994,5.18590648423879,5.11485339461984,5.13183871534054,5.13837401215746,4.36989612603438,5.16345277008205,5.25309941284552
"208",208,"Alta High School",16.0152882756999,2,1,82.9755031143999,3.56479719509659,3.24208594642691,3.80096087613897,2.69630931313523,5.58036093181651,5.18756201349887,4.52067395889083,4.91739575716124
"209",209,"Summerfield High School",17.130350412834,2,2,84.063510982781,3.64688391290041,3.04898023558983,3.36169183089438,4.09939191844153,6.26410946234476,6.42587970039212,6.42840424269646,7.21725897922798
"210",210,"Jefferson High School",17.8607873487099,2,3,87.4471209571089,3.97787721655249,4.27594471247093,4.36279366492254,3.90219369416475,5.00659570655558,5.52605697271397,5.31459932907755,6.03519165817261
"211",211,"Summerfield High School",10.9609037180012,2,1,78.3303490336483,3.45924438365673,3.54296629119431,3.94031811479465,3.40179176080786,5.30692482113245,5.51274144719986,5.15239516038494,4.82944551650157
"212",212,"Summerfield High School",15.3591153048432,1,2,80.4832560017652,3.6650033917572,3.42796115938687,2.73196385124485,3.64773745033385,6.83033865178743,6.10611044328715,6.56726715011814,6.70756910206171
"213",213,"Jefferson High School",17.4904330191027,2,3,87.4621228505287,4.87474493569035,5.3181366046904,4.46697663573489,4.71568013209054,5.16696267192661,5.92447059982665,5.28480640624049,4.93822047857006
"214",214,"Summerfield High School",15.526545443877,1,1,84.614330438013,3.47255552293336,2.76469723440953,3.0779371689208,3.3058852388081,4.85503470015647,5.21132115363183,4.37484803460139,5.3306643247149
"215",215,"Jefferson High School",15.9185973271815,1,2,81.9066268582848,2.80453917523762,3.14355403904865,3.29911502109868,3.62694310536036,7.25374750511031,7.67637134731587,7.61113873395719,7.71467131846866
"216",216,"Jefferson High School",17.6707328497521,2,3,84.8856515834438,5.26178775935476,4.09868973418223,5.056793341547,4.56261704214222,5.20173804518201,4.81216662468969,5.18336550880581,5.40318897779767
"217",217,"Alta High School",13.9452803260267,2,1,73.3873909236599,2.66320759371007,3.29529227033247,3.64334786025394,2.92011721797415,5.0007087727465,4.46470683973009,4.98197405959322,5.36058765102931
"218",218,"Alta High School",18.8898446591936,2,2,84.4827495096219,2.58558664477664,4.3801061268012,2.99043941167394,3.83371144136357,7.30982222857381,6.10065198083972,6.20799993209851,6.88684172134802
"219",219,"Jefferson High School",17.3636117691541,2,3,88.7820209749973,4.05111020014652,3.99526327880892,5.010559284344,5.08468869300826,5.28190318422963,6.28516132577396,6.13421613442138,5.34526863318353
"220",220,"Summerfield High School",12.8197153656497,2,1,85.4275725803291,3.42627078424712,3.48251231419486,4.31262662530499,3.96782108327242,4.88611929004073,4.62412171652656,4.7023614438132,4.43380379042905
"221",221,"Summerfield High School",15.8959616054917,2,2,87.4001679269321,4.5121634865408,3.92764838321053,4.85481380564133,4.29277794985105,6.44103921693457,6.6359555015612,6.02692457550528,5.33869348776763
"222",222,"Jefferson High School",17.3437034590767,2,3,87.0708318011162,4.5202314640202,5.00138781762838,5.24543994072542,4.84738778350379,6.3012406790345,6.34280150921871,6.3768221832589,6.26461047330788
"223",223,"Alta High School",16.2988137889671,1,1,85.3955411786322,4.3328225820645,4.81926947404362,4.20770461827481,4.5488129519605,4.40182531659488,4.79670464959443,4.80596902491166,4.56334265975989
"224",224,"Jefferson High School",12.9119973828745,2,2,83.0039406426678,4.18032252461338,4.34288535088141,3.71697323527563,4.57767378926276,6.87470388139456,6.98641362195233,6.69922570045238,6.01561806541566
"225",225,"Summerfield High School",12.2548652912475,1,3,85.4707697729433,4.91440676937649,4.51104383532239,4.862388154951,5.43425867598016,5.7003882606915,6.70381475858034,6.01562940323868,6.13931401057038
"226",226,"Summerfield High School",14.9091652279617,2,1,78.9554102093436,3.02320472549636,3.03669177152843,2.77603613144114,3.28658833156272,5.6522571437156,5.38850149796458,4.81539700406384,5.30200796555939
"227",227,"Alta High School",16.8406366440295,1,2,81.9591766987777,5.03278094900911,4.57936829066284,4.6316299601194,4.39980540514238,6.68108137939932,6.17704314136989,7.71167377985717,6.84971448791385
"228",228,"Summerfield High School",14.9773408125944,1,3,88.1824383290812,4.70457127231478,4.77193278908238,4.48404540690557,4.88350141149854,5.38718401846139,4.69239116905261,4.64688181305226,5.62475247218005
"229",229,"Summerfield High School",16.1487983473967,1,1,81.4177957891667,2.29909683401895,3.07414703285777,3.88833782242222,2.56112984273938,4.68633446668803,5.19640317605276,4.77322135908021,5.08280356080097
"230",230,"Summerfield High School",16.8675102271392,1,2,83.6026333717551,3.3875909318085,4.02755257503508,3.84782830029092,4.31464328000188,7.48750621259726,6.53843982285214,6.93087128962115,6.33149119554237
"231",231,"Jefferson High School",18.2986099400841,1,3,88.0968280154684,4.22661479406475,4.14912738783996,3.82837268769627,4.39957822463144,5.49135831373166,5.79570167932106,5.42098614260605,5.14071975221912
"232",232,"Alta High School",16.8867347130146,1,1,83.6437980682511,3.33874289638881,4.12620250783823,3.57033081510593,3.50003578377396,5.48506798420449,5.77933912862736,5.74684510344512,4.88994584343068
"233",233,"Summerfield High School",15.9969195301725,2,2,82.1804546753305,3.29488791801001,3.18130864596382,3.24620247454929,3.50711143569859,6.0664193041775,5.79218602604771,6.16281850958216,6.838329958862
"234",234,"Alta High School",13.8890180362785,2,3,92.4060423737952,5.28788768689569,4.38544553620932,4.8775254643769,4.49508417702938,5.80300329332932,5.58190473412848,5.2202405285309,6.57244460662751
"235",235,"Alta High School",14.5958535608076,2,1,82.8130816594389,3.94811082100505,2.91075820445598,3.48869660494907,4.24939046719111,5.32826494561517,5.362671396609,5.62535901519719,5.68187367304212
"236",236,"Alta High School",16.8116113073235,1,2,79.4193924477528,3.52001603555415,3.43506934511864,3.85895877683012,3.95277198046084,7.02169828129523,6.84710768769125,6.93521274262444,7.07024350581749
"237",237,"Alta High School",17.0563083644665,1,3,86.6700505874025,2.9356812898668,3.4636122185097,2.690963932723,4.09716604882053,5.50653446336138,6.56903591843404,6.47634054788994,6.71888312587372
"238",238,"Summerfield High School",13.8575839595456,2,1,83.0476491516054,3.23386069809646,4.35901220306363,3.34036176316124,3.40740871607204,5.52880501609581,5.35826603574082,5.15151923102946,5.0113151073894
"239",239,"Jefferson High School",16.0831080067576,1,2,81.766834003741,3.61799591318752,3.16983485499377,3.96378956353678,3.89071519313521,5.85216472922582,6.19486724275901,6.78469782072537,6.77941859791327
"240",240,"Summerfield High School",16.2449344671458,1,3,88.5349851484177,4.24924496636726,5.05851827226405,4.78844178992525,4.89311545251762,5.22019318471361,5.48623685799457,4.74570657840934,5.27342232715236
"241",241,"Alta High School",18.1060196565396,1,1,82.8031875824934,3.40100521752135,4.0450211206848,3.10019012524948,3.64434214160561,4.3848213190927,3.80347514413114,4.46184159288103,4.98111182453312
"242",242,"Summerfield High School",16.1284848748159,2,2,86.9104330490151,4.24137565642356,4.31793165069914,3.77988119761728,4.24849511979482,5.60364540977335,6.05066581784568,6.48203008093443,6.59537389874805
"243",243,"Summerfield High School",15.2290875024469,2,3,85.5449122678008,4.26765931189689,4.34954488454975,3.87691359706131,3.86824651156736,5.29002061779458,5.20502435795849,5.37984966733675,5.78075167784023
"244",244,"Summerfield High School",14.8890839947988,1,1,81.449357413016,3.96980886835058,3.6087239683764,3.50750318590945,3.74268898547195,5.0792047343816,5.65012806429974,4.25423041980067,4.77302363178911
"245",245,"Summerfield High School",13.6446347943516,1,2,81.2969226341192,4.23603159555989,4.25258016086081,3.72715939245356,3.90406066451994,7.11124058460147,5.95296455978701,7.10357276244607,6.5192536890026
"246",246,"Alta High School",18.3528431672032,2,3,84.1186013907102,5.02049099626421,4.39014811360889,4.15257541309063,4.75996422523828,5.2161289066824,4.87754472586068,4.69680978308848,5.56760482720473
"247",247,"Summerfield High School",14.9365217918067,1,1,75.9530890664629,3.50819507186271,4.61460674635377,3.80503252642613,3.28983519133263,5.88675782122742,5.16614423999528,4.58690819705583,4.86457533588904
"248",248,"Jefferson High School",14.5194838482515,1,2,83.5865871655457,3.54386830112649,3.98783653599595,3.91536314278491,3.3655667582799,6.06129440229784,5.68907410483115,6.21199312904349,6.19964813682702
"249",249,"Jefferson High School",17.3322779374731,2,3,89.3046956755868,4.59213223332467,4.28986316371557,4.41757148624949,4.2006184528841,6.29222378560627,6.5004119024696,5.97883156237148,6.09355477983468
"250",250,"Jefferson High School",17.3918655025468,2,1,83.4174744793698,3.52361801232972,3.69460155681622,4.35660764482697,3.71190628364616,4.802133922837,4.36735477355247,3.71794217062099,3.79204020239151
"251",251,"Jefferson High School",14.1899212560344,1,2,78.8300215476138,3.48524478307368,3.83491975198093,3.83047823077084,4.35165006921851,5.78089485025453,6.02499190605978,5.74715356880647,6.64849753094352
"252",252,"Summerfield High School",15.1852609748472,1,3,84.1109664398072,4.74566682380138,4.1883720518659,4.59611050655654,4.52596574270928,5.90211676215156,6.00615930918924,5.27385790814565,6.19322175507555
"253",253,"Jefferson High School",14.7994565603241,1,1,78.0765374154873,3.86752102711809,3.77444348573744,3.78665291808302,3.85384412716918,4.78144185634417,4.18047537131949,4.41046038860494,5.51002956033947
"254",254,"Jefferson High School",11.3643155527035,1,2,80.9339855011973,3.53007936528174,4.08345127464789,3.39009362018857,4.05051203861794,7.44960637955894,6.11823726372814,6.82581500101884,7.96117178569681
"255",255,"Jefferson High School",16.6631226364161,1,3,88.0105934544564,3.73584215619081,3.47598338645211,4.22851833106509,3.75625022208733,5.83936217499288,5.6786838686285,5.56576770128266,4.67577800307209
"256",256,"Summerfield High School",15.7550052689091,1,1,83.2834502817722,3.49548252623653,3.50429001343746,2.51841758042984,3.6029345543376,4.91771318186533,4.37410898806639,4.71400809965656,5.61665717544381
"257",257,"Jefferson High School",14.7564283121316,1,2,80.5549020478251,4.60442674699485,3.77989611007836,4.32723743851728,4.98952595845311,6.57831371577616,6.36075975622466,7.03125493782584,6.37922190571607
"258",258,"Summerfield High School",13.0137506325984,2,3,78.9069594887998,3.91818648029714,4.35276216080689,4.72209623258276,3.68030141351815,5.37359047644278,5.43752753050163,5.82279488046281,6.08130492559539
"259",259,"Alta High School",17.9374907363334,1,1,84.3614704451248,4.27966995504873,3.51234058861321,3.97571174014653,3.2537863032717,4.37049083785481,4.10684171069274,4.14545305997692,4.82210735933842
"260",260,"Summerfield High School",14.9903239073964,2,2,84.8458543118403,4.15548614925039,3.94891214706313,3.5571155048173,3.98076237464183,6.18173765777238,5.96142953767147,6.4626381290442,6.49888402743545
"261",261,"Summerfield High School",16.244844703751,1,3,85.3973878983492,4.51042217451712,4.08866446070135,4.72045517719502,5.10340295269351,5.70478074089781,6.02849226789726,5.40701987914419,6.300900636816
"262",262,"Summerfield High School",19.1319517797711,2,1,78.2790159755906,3.54152939283745,3.29768986199782,2.58844202410691,4.33261147183094,5.76688044744982,5.45607733984355,5.64998213473533,5.62034920135555
"263",263,"Summerfield High School",14.3267638360692,1,2,82.1000264096008,4.10713333804594,4.1401842927602,4.1883028092554,3.48740824383018,6.19069571278707,6.34511965554368,5.95586872436533,7.16819339059142
"264",264,"Jefferson High School",15.0032739942445,2,3,87.8243196884077,3.26491801756196,3.85157649524312,3.47683999442959,3.83038749644778,5.28470329564163,5.19775411163182,3.97923773922752,4.21859847726356
"265",265,"Jefferson High School",16.031463154602,1,1,83.669602290763,3.92368653487214,3.27857527750945,3.67424642398053,3.95545036352592,4.89482752765763,4.67635883303679,4.87150399408488,5.60556262762347
"266",266,"Summerfield High School",15.6680660906639,2,2,87.1702852882228,4.05738900052055,4.21173589303685,4.03370999335834,2.79609514150407,6.01756697116403,6.78585895950309,6.68868737210523,6.16867809242098
"267",267,"Jefferson High School",14.936337040988,1,3,84.9533498048648,3.60682437628478,4.90354941960048,5.07269166046825,4.51011062521273,5.76522750010276,5.6480865647891,5.49915775684746,5.14071473411033
"268",268,"Summerfield High School",16.3505770776237,2,1,82.3721685339305,2.942933769917,2.60534447028287,3.10119248267499,3.30795711201267,4.86008049134059,5.57002499856902,5.64651642585789,5.47139045897494
"269",269,"Alta High School",16.6636076221615,2,2,87.0025281011073,3.28917413818492,3.23727627693145,3.8847518930851,3.91730320824714,5.9902601442816,5.1330473536575,5.610817965947,5.86159139455971
"270",270,"Alta High School",13.7606152834972,1,3,84.7959735342228,4.10069056171953,4.8414046670761,5.52776280468595,4.15912151628004,6.71278810576455,6.60121764787717,6.60262612167006,6.75314023843485
"271",271,"Jefferson High School",12.580088347462,1,1,80.8317097612015,3.38641324619781,3.45868839951096,2.98223734289563,3.58554629002852,5.49372647937915,5.06089586054577,5.45409195485174,5.48098130142674
"272",272,"Summerfield High School",16.0453490779153,1,2,77.6855959153898,3.91344844837275,4.56519286123182,4.23994335384891,4.36362266745075,6.08784547181093,5.70513670931239,6.53077961317754,5.78909024677274
"273",273,"Alta High School",14.7429121170467,2,3,88.3622667503433,4.9625725967123,4.05014495674954,4.62030316024829,4.68475151993717,5.25487919919449,5.4486853903184,5.93364853312971,5.75346499639551
"274",274,"Summerfield High School",13.2409905855646,2,1,79.576424713028,3.56215269631318,3.79443683403865,3.84079754509176,3.72811286600274,5.05178063091883,4.98710839490874,5.95949465998681,5.22048141035028
"275",275,"Alta High School",17.6770732974817,1,2,80.2251870732832,4.73880680434282,4.28816748583498,4.61661935074634,4.6348248673881,6.05105262889995,5.96610767061336,6.68577330230697,5.10594868367501
"276",276,"Jefferson High School",16.0929549379579,1,3,85.160067592444,4.45744585627456,4.45143784219552,3.9543724359806,4.26320644759779,5.52254861190801,5.58921438293304,5.00226731176446,6.39494403322197
"277",277,"Alta High School",14.536512389559,2,1,82.8335101207831,3.60457413626465,4.06545581873826,3.71357944229248,4.63298429889145,5.1955577757114,5.98626966678516,5.16442402202537,5.67912346666397
"278",278,"Jefferson High School",16.2228175709435,2,2,76.512592992165,4.14399865117258,4.2341528235165,3.99743162887823,4.13567853980088,7.26759559936581,7.17706565511237,6.32404418516173,7.46761937738829
"279",279,"Alta High School",18.6805080789507,2,3,86.2234673002372,4.20007070584458,4.87476464752655,4.44813085111072,4.52575198899966,6.20260499233515,5.63448007227923,5.9673571395016,5.71560628899462
"280",280,"Jefferson High School",16.9238060293798,2,1,78.4588470223864,3.90010465970098,3.76130741747372,3.05852916835373,3.50262006439267,4.54549799567321,4.51947145767041,4.78710706194876,4.05793213060494
"281",281,"Alta High School",13.2072434739923,1,2,80.1136429150888,4.06523865973531,3.48568010606121,2.5214939552011,2.92974323441544,6.45205495578837,5.38656832165269,6.11107750778144,6.29618894216966
"282",282,"Alta High School",15.2867337335542,2,3,88.9239038818321,5.19623711923891,5.35845285013929,5.21739094136746,5.2808164353652,5.00320199535003,5.65697506438148,5.21823628218005,5.92674752843278
"283",283,"Alta High School",16.1927448255103,1,1,82.5552628088136,3.35351480443752,3.4939653395303,3.37302764998818,3.54668610219448,5.00897523421412,4.67595708515775,4.89847748877781,6.03124729272707
"284",284,"Summerfield High School",12.8793842131949,1,2,82.6789389312591,3.59455396465976,4.22759636470024,4.19323435628194,4.42866230360086,5.94991499392442,6.37315232898486,6.92903990239367,6.50669064175068
"285",285,"Alta High School",15.7579689857275,2,3,89.112551769801,4.00348033004741,4.44703834114491,4.16250664421886,3.86286589429935,6.20053345028437,7.0095631254901,6.95742119728575,6.13674665967188
"286",286,"Alta High School",15.1225664927245,2,1,79.6936853046556,4.24627528812308,3.8720240517273,3.98494871141073,3.24206472978226,4.75635010807442,5.90297163187195,5.07802157049669,5.11900191735125
"287",287,"Alta High School",14.6211107389464,1,2,76.930107063999,3.44934630842942,2.70201516429773,3.59831490438617,3.89174770837734,5.72220128616482,5.07677714366839,5.5324711147087,5.54517486098717
"288",288,"Jefferson High School",17.2253833381785,1,3,90.9632638417944,4.82079091723436,4.82410616438295,4.52154000173998,4.24763574043811,5.87002673972041,6.19831266495245,6.25338681011941,6.63118454480652
"289",289,"Alta High School",15.6751498609067,1,1,80.8079210069177,2.39189641059336,3.0297655404285,2.98233944874678,2.18955666099258,5.32980445135498,5.19360891791015,4.94735123821644,5.51439447157376
"290",290,"Alta High School",17.2356443426315,1,2,81.9047336953553,2.79439792322611,4.18039009277511,4.34923907289708,4.25192268591627,7.1123398569723,6.84604772729451,6.81123557359767,6.70152932149241
"291",291,"Jefferson High School",16.2445123335414,2,3,87.9725537881272,4.58994467001518,4.9774362333453,5.19471753109169,4.37077453838487,5.15796337439387,5.1224431513726,5.37938685552909,4.91304339954907
"292",292,"Summerfield High School",14.1010197508296,2,1,83.7977966689532,3.95734716195244,3.3726348453104,4.08135808825271,3.36868653178762,5.90945777784992,5.29130400496756,5.68464917664382,5.53673672233873
"293",293,"Summerfield High School",15.5749418236101,2,2,84.2782608986069,2.9570076528828,3.59144266582945,3.06715706408046,3.16372905735527,6.73490491710679,6.62934296930813,7.67517151128379,6.707265463858
"294",294,"Summerfield High School",16.2686567042695,2,3,90.2817961998959,4.30930827426899,4.38432072160846,4.32129613229648,4.82336253154776,5.3974641786273,5.72602356711293,5.41016097333866,5.5881063037018
"295",295,"Alta High School",15.5109138273014,1,1,81.6384037785215,4.35980017085673,4.50041784053193,5.30154723618157,4.36337563109478,4.72959314494147,4.44557365516066,5.00950028426241,5.21852339535394
"296",296,"Summerfield High School",18.3447530117762,2,2,81.4871430707267,4.25271514070131,4.53084787006198,4.52173154480636,4.26373049617623,7.15039947255516,6.26642497056409,7.64787807013267,6.8599905590842
"297",297,"Jefferson High School",17.2734014991604,2,3,86.5986517749333,4.20063234847418,4.0729663481687,3.49975772418091,4.26622142111239,5.59874532288927,5.23578336579125,5.79779820278579,4.86490140192392
"298",298,"Alta High School",19.315475280089,1,1,83.9687479359376,3.96761478809396,2.99311025993359,3.30393982621725,4.09418332019576,4.39360819364997,5.64406940517134,5.29574240567939,5.25945858164864
"299",299,"Summerfield High School",17.4678968106772,2,2,80.4521936116129,2.96574886841877,3.74451887482192,3.28373498703913,3.55803181340647,7.27028472135849,6.74149167072194,7.52994688002695,7.11440915666332
"300",300,"Summerfield High School",19.4214559906391,1,3,84.6391697129564,3.99302085919996,4.96996749408471,4.38646501974309,4.21288015939812,6.37623526790204,6.03001817111096,6.10044433419411,6.02940221939526
